## 概要
最近帮朋友解决一个问题，再一次让我感受到大学里教的基础理论还是非常重要的。朋友新接手一个项目，刚开始看了一下数据模型就感觉比较简单，因为每一个表几有几个列，列也不是什么大类型；但是现在他已经只有半条命了。下面我选一个违反第一范式的例子说一下。

![dpt](static/2020-13/dpt.png)

google-adsense

---

## 例子
系统中有一张表用于保存“部门”信息，部门就有部门名，部门编号，等其它属性，然而它的表结构是这样的。
```sql
create table t( id int not null auto_increment primary key,v varchar(64));

-- v 不单单是名字，它是[部门名][空格][部门id]的形式
mysql> select * from t;
+----+-----------------------+
| id | v                     |
+----+-----------------------+
|  1 | 开发一部 20            |
|  2 | 开发二部 10            |
|  3 | 性能测试部 50           |
|  4 | 自动化测试部 30         |
+----+-----------------------+
4 rows in set (0.00 sec)
```
现在的需要就是要按部门编号来排序输出，就是要达到这样的效果。
```sql
+---------------------+--------+
| dpt_name            | dpt_id |
+---------------------+--------+
| 开发二部            | 10      |
| 开发一部            | 20      |
| 自动化测试部        | 30       |
| 性能测试部          | 50       |
+---------------------+--------+
```

---

## SQL怎么表达
情况就这么个情况，朋友说今天要上线，应用层代码暂时不好改(他绝对是已经改好了，来我这里说要改 SQL 一定是想看我笑话的)；那我也来写一个“又不是不能跑”的 SQL。
```sql
select regexp_replace(v, '\\d', '') as dpt_name,
       regexp_replace(v, '\\D', '') as dpt_id
from t
order by convert(regexp_replace(v, '\\D', ''),unsigned); 

+---------------------+--------+
| dpt_name            | dpt_id |
+---------------------+--------+
| 开发二部            | 10     |
| 开发一部            | 20     |
| 自动化测试部        | 30     |
| 性能测试部          | 50     |
+---------------------+--------+
4 rows in set (0.00 sec)
```

---


## 第一范式说的是什么
一句话就是`"属性原子性"`，也就是说表中的任何一列都应该在业务逻辑上是不可再分的；就像上面的例子“部门”和“部门编号”是实体的两个不同属性，不能合在一起。 正确的设计可以让代码更加优雅。
```sql
create table dpt(
        id int not null auto_increment primary key,
        dpt_name varchar(64),
        dpt_id int);

insert into dpt(dpt_name,dpt_id) values("开发一部",20);
insert into dpt(dpt_name,dpt_id) values("开发二部",10);
insert into dpt(dpt_name,dpt_id) values("性能测试部",50);
insert into dpt(dpt_name,dpt_id) values("自动化测试部",30);
```
如果还是同样的需要那么 SQL 语句就要简单高效的多。
```sql
select * from dpt order by dpt_id;
+----+--------------------+--------+
| id | dpt_name           | dpt_id |
+----+--------------------+--------+
|  2 | 开发二部           |     10 |
|  1 | 开发一部           |     20 |
|  4 | 自动化测试部       |     30 |
|  3 | 性能测试部         |     50 |
+----+--------------------+--------+
4 rows in set (0.00 sec)
```
---